,gini_index,top_10percent_income_share_percent,bottom_10percent_income_share_percent,life_expectancy,pop_growth,gdp_per_capita,trade_percent_gdp
gini_index,1.0,0.03829604703301287,-0.006764127572220114,0.05701900171136721,-0.014199618751351029,0.0697952068070484,0.10056956000442135
top_10percent_income_share_percent,0.03829604703301287,1.0,-0.07401950788803034,0.016067406433948828,-0.009010119312218163,-0.042002951804660786,0.01092884676818188
bottom_10percent_income_share_percent,-0.006764127572220114,-0.07401950788803034,1.0,-0.055103603821757205,-0.05639716557739384,-0.054372812648905186,0.015357414979773085
life_expectancy,0.05701900171136721,0.016067406433948828,-0.055103603821757205,1.0,-0.35252456430159773,0.7281843493468136,0.030961553036504892
pop_growth,-0.014199618751351029,-0.009010119312218163,-0.05639716557739384,-0.35252456430159773,1.0,-0.21258555841923846,0.19116484969919761
gdp_per_capita,0.0697952068070484,-0.042002951804660786,-0.054372812648905186,0.7281843493468136,-0.21258555841923846,1.0,0.026122771314007587
trade_percent_gdp,0.10056956000442135,0.01092884676818188,0.015357414979773085,0.030961553036504892,0.19116484969919761,0.026122771314007587,1.0
